Disposal Sample ID,#Disposal
1001,from_disposal1.xlsx
1002,from_disposal1.xlsx
1003,from_disposal1.xlsx
1004,from_disposal1.xlsx
1005,from_disposal1.xlsx
1006,from_disposal1.xlsx
1007,from_disposal1.xlsx
1008,from_disposal1.xlsx
1009,from_disposal1.xlsx
1010,from_disposal1.xlsx
1011,from_disposal1.xlsx
1012,from_disposal1.xlsx
1013,from_disposal1.xlsx
1014,from_disposal1.xlsx
1015,from_disposal1.xlsx
1016,from_disposal1.xlsx
1017,from_disposal1.xlsx
1018,from_disposal1.xlsx
1019,from_disposal1.xlsx
1020,from_disposal1.xlsx
1021,from_disposal1.xlsx
1022,from_disposal1.xlsx
1023,from_disposal1.xlsx
1024,from_disposal1.xlsx
1025,from_disposal1.xlsx
1026,from_disposal1.xlsx
1027,from_disposal1.xlsx
1028,from_disposal1.xlsx
1029,from_disposal1.xlsx
1030,from_disposal1.xlsx
1031,from_disposal1.xlsx
1032,from_disposal1.xlsx
1033,from_disposal1.xlsx
1034,from_disposal1.xlsx
1035,from_disposal1.xlsx
1036,from_disposal1.xlsx
1037,from_disposal1.xlsx
1038,from_disposal1.xlsx
1039,from_disposal1.xlsx
1040,from_disposal1.xlsx
1041,from_disposal1.xlsx
1042,from_disposal1.xlsx
1043,from_disposal1.xlsx
1044,from_disposal1.xlsx
1045,from_disposal1.xlsx
1046,from_disposal1.xlsx
1047,from_disposal1.xlsx
1048,from_disposal1.xlsx
1049,from_disposal1.xlsx
1050,from_disposal1.xlsx
1051,from_disposal1.xlsx
1052,from_disposal1.xlsx
1053,from_disposal1.xlsx
1054,from_disposal1.xlsx
1055,from_disposal1.xlsx
1056,from_disposal1.xlsx
1057,from_disposal1.xlsx
1058,from_disposal1.xlsx
1059,from_disposal1.xlsx
1060,from_disposal1.xlsx
1061,from_disposal1.xlsx
1062,from_disposal1.xlsx
1063,from_disposal1.xlsx
1064,from_disposal1.xlsx
1065,from_disposal1.xlsx
1066,from_disposal1.xlsx
1067,from_disposal1.xlsx
1068,from_disposal1.xlsx
1069,from_disposal1.xlsx
1070,from_disposal1.xlsx
1071,from_disposal1.xlsx
1072,from_disposal1.xlsx
1073,from_disposal1.xlsx
1074,from_disposal1.xlsx
1075,from_disposal1.xlsx
1076,from_disposal1.xlsx
1077,from_disposal1.xlsx
1078,from_disposal1.xlsx
1079,from_disposal1.xlsx
1080,from_disposal1.xlsx
1081,from_disposal1.xlsx
1082,from_disposal1.xlsx
1083,from_disposal1.xlsx
1084,from_disposal1.xlsx
1085,from_disposal1.xlsx
1086,from_disposal1.xlsx
1087,from_disposal1.xlsx
1088,from_disposal1.xlsx
1089,from_disposal1.xlsx
1090,from_disposal1.xlsx
1091,from_disposal1.xlsx
1092,from_disposal1.xlsx
1093,from_disposal1.xlsx
1094,from_disposal1.xlsx
1095,from_disposal1.xlsx
1096,from_disposal1.xlsx
1097,from_disposal1.xlsx
1098,from_disposal1.xlsx
1099,from_disposal1.xlsx
1100,from_disposal1.xlsx
1101,from_disposal1.xlsx
1102,from_disposal1.xlsx
1103,from_disposal1.xlsx
1104,from_disposal1.xlsx
1105,from_disposal1.xlsx
1106,from_disposal1.xlsx
1107,from_disposal1.xlsx
1108,from_disposal1.xlsx
1109,from_disposal1.xlsx
1110,from_disposal1.xlsx
1111,from_disposal1.xlsx
1112,from_disposal1.xlsx
1113,from_disposal1.xlsx
1114,from_disposal1.xlsx
1115,from_disposal1.xlsx
1116,from_disposal1.xlsx
1117,from_disposal1.xlsx
1118,from_disposal1.xlsx
1119,from_disposal1.xlsx
1120,from_disposal1.xlsx
1121,from_disposal1.xlsx
1122,from_disposal1.xlsx
1123,from_disposal1.xlsx
1124,from_disposal1.xlsx
1125,from_disposal1.xlsx
1126,from_disposal1.xlsx
1127,from_disposal1.xlsx
1128,from_disposal1.xlsx
1129,from_disposal1.xlsx
1130,from_disposal1.xlsx
1131,from_disposal1.xlsx
1132,from_disposal1.xlsx
1133,from_disposal1.xlsx
1134,from_disposal1.xlsx
1135,from_disposal1.xlsx
1136,from_disposal1.xlsx
1137,from_disposal1.xlsx
1138,from_disposal1.xlsx
1139,from_disposal1.xlsx
1140,from_disposal1.xlsx
1141,from_disposal1.xlsx
1142,from_disposal1.xlsx
1143,from_disposal1.xlsx
1144,from_disposal1.xlsx
1145,from_disposal1.xlsx
1146,from_disposal1.xlsx
1147,from_disposal1.xlsx
1148,from_disposal1.xlsx
1149,from_disposal1.xlsx
1150,from_disposal1.xlsx
1151,from_disposal1.xlsx
1152,from_disposal1.xlsx
1153,from_disposal1.xlsx
1154,from_disposal1.xlsx
1155,from_disposal1.xlsx
1156,from_disposal1.xlsx
1157,from_disposal1.xlsx
1158,from_disposal1.xlsx
1159,from_disposal1.xlsx
1160,from_disposal1.xlsx
1161,from_disposal1.xlsx
1162,from_disposal1.xlsx
1163,from_disposal1.xlsx
1164,from_disposal1.xlsx
1165,from_disposal1.xlsx
1166,from_disposal1.xlsx
1167,from_disposal1.xlsx
1168,from_disposal1.xlsx
1169,from_disposal1.xlsx
1170,from_disposal1.xlsx
1171,from_disposal1.xlsx
1172,from_disposal1.xlsx
1173,from_disposal1.xlsx
1174,from_disposal1.xlsx
1175,from_disposal1.xlsx
1176,from_disposal1.xlsx
1177,from_disposal1.xlsx
1178,from_disposal1.xlsx
1179,from_disposal1.xlsx
1180,from_disposal1.xlsx
1181,from_disposal1.xlsx
1182,from_disposal1.xlsx
1183,from_disposal1.xlsx
1184,from_disposal1.xlsx
1185,from_disposal1.xlsx
1186,from_disposal1.xlsx
1187,from_disposal1.xlsx
1188,from_disposal1.xlsx
1189,from_disposal1.xlsx
1190,from_disposal1.xlsx
1191,from_disposal1.xlsx
1192,from_disposal1.xlsx
1193,from_disposal1.xlsx
1194,from_disposal1.xlsx
1195,from_disposal1.xlsx
1196,from_disposal1.xlsx
1197,from_disposal1.xlsx
1198,from_disposal1.xlsx
1199,from_disposal1.xlsx
1200,from_disposal1.xlsx
1201,from_disposal1.xlsx
1202,from_disposal1.xlsx
1203,from_disposal1.xlsx
1204,from_disposal1.xlsx
1205,from_disposal1.xlsx
1206,from_disposal1.xlsx
1207,from_disposal1.xlsx
1208,from_disposal1.xlsx
1209,from_disposal1.xlsx
1210,from_disposal1.xlsx
1211,from_disposal1.xlsx
1212,from_disposal1.xlsx
1213,from_disposal1.xlsx
1214,from_disposal1.xlsx
1215,from_disposal1.xlsx
1216,from_disposal1.xlsx
1217,from_disposal1.xlsx
1218,from_disposal1.xlsx
1219,from_disposal1.xlsx
1220,from_disposal1.xlsx
1221,from_disposal1.xlsx
1222,from_disposal1.xlsx
1223,from_disposal1.xlsx
1224,from_disposal1.xlsx
1225,from_disposal1.xlsx
1226,from_disposal1.xlsx
1227,from_disposal1.xlsx
1228,from_disposal1.xlsx
1229,from_disposal1.xlsx
1230,from_disposal1.xlsx
1231,from_disposal1.xlsx
1232,from_disposal1.xlsx
1233,from_disposal1.xlsx
1234,from_disposal1.xlsx
1235,from_disposal1.xlsx
1236,from_disposal1.xlsx
1237,from_disposal1.xlsx
1238,from_disposal1.xlsx
1239,from_disposal1.xlsx
1240,from_disposal1.xlsx
1241,from_disposal1.xlsx
1242,from_disposal1.xlsx
1243,from_disposal1.xlsx
1244,from_disposal1.xlsx
1245,from_disposal1.xlsx
1246,from_disposal1.xlsx
1247,from_disposal1.xlsx
1248,from_disposal1.xlsx
1249,from_disposal1.xlsx
1250,from_disposal1.xlsx
1251,from_disposal1.xlsx
1252,from_disposal1.xlsx
1253,from_disposal1.xlsx
1254,from_disposal1.xlsx
1255,from_disposal1.xlsx
1256,from_disposal1.xlsx
1257,from_disposal1.xlsx
1258,from_disposal1.xlsx
1259,from_disposal1.xlsx
1260,from_disposal1.xlsx
1261,from_disposal1.xlsx
1262,from_disposal1.xlsx
1263,from_disposal1.xlsx
1264,from_disposal1.xlsx
1265,from_disposal1.xlsx
1266,from_disposal1.xlsx
1267,from_disposal1.xlsx
1268,from_disposal1.xlsx
1269,from_disposal1.xlsx
1270,from_disposal1.xlsx
1271,from_disposal1.xlsx
1272,from_disposal1.xlsx
1273,from_disposal1.xlsx
1274,from_disposal1.xlsx
1275,from_disposal1.xlsx
1276,from_disposal1.xlsx
1277,from_disposal1.xlsx
1278,from_disposal1.xlsx
1279,from_disposal1.xlsx
1280,from_disposal1.xlsx
1281,from_disposal1.xlsx
1282,from_disposal1.xlsx
1283,from_disposal1.xlsx
1284,from_disposal1.xlsx
1285,from_disposal1.xlsx
1286,from_disposal1.xlsx
1287,from_disposal1.xlsx
1288,from_disposal1.xlsx
1289,from_disposal1.xlsx
1290,from_disposal1.xlsx
1291,from_disposal1.xlsx
1292,from_disposal1.xlsx
1293,from_disposal1.xlsx
1294,from_disposal1.xlsx
1295,from_disposal1.xlsx
1296,from_disposal1.xlsx
1297,from_disposal1.xlsx
1298,from_disposal1.xlsx
1299,from_disposal1.xlsx
1300,from_disposal1.xlsx
1301,from_disposal1.xlsx
1302,from_disposal1.xlsx
1303,from_disposal1.xlsx
1304,from_disposal1.xlsx
1305,from_disposal1.xlsx
1306,from_disposal1.xlsx
1307,from_disposal1.xlsx
1308,from_disposal1.xlsx
1309,from_disposal1.xlsx
1310,from_disposal1.xlsx
1311,from_disposal1.xlsx
1312,from_disposal1.xlsx
1313,from_disposal1.xlsx
1314,from_disposal1.xlsx
1315,from_disposal1.xlsx
1316,from_disposal1.xlsx
1317,from_disposal1.xlsx
1318,from_disposal1.xlsx
1319,from_disposal1.xlsx
1320,from_disposal1.xlsx
1321,from_disposal1.xlsx
1322,from_disposal1.xlsx
1323,from_disposal1.xlsx
1324,from_disposal1.xlsx
1325,from_disposal1.xlsx
1326,from_disposal1.xlsx
1327,from_disposal1.xlsx
1328,from_disposal1.xlsx
1329,from_disposal1.xlsx
1330,from_disposal1.xlsx
1331,from_disposal1.xlsx
1332,from_disposal1.xlsx
1333,from_disposal1.xlsx
1334,from_disposal1.xlsx
1335,from_disposal1.xlsx
1336,from_disposal1.xlsx
1337,from_disposal1.xlsx
1338,from_disposal1.xlsx
1339,from_disposal1.xlsx
1340,from_disposal1.xlsx
1341,from_disposal1.xlsx
1342,from_disposal1.xlsx
1343,from_disposal1.xlsx
1344,from_disposal1.xlsx
1345,from_disposal1.xlsx
1346,from_disposal1.xlsx
1347,from_disposal1.xlsx
1348,from_disposal1.xlsx
1349,from_disposal1.xlsx
1350,from_disposal1.xlsx
1351,from_disposal1.xlsx
1352,from_disposal1.xlsx
1353,from_disposal1.xlsx
1354,from_disposal1.xlsx
1355,from_disposal1.xlsx
1356,from_disposal1.xlsx
1357,from_disposal1.xlsx
1358,from_disposal1.xlsx
1359,from_disposal1.xlsx
1360,from_disposal1.xlsx
1361,from_disposal1.xlsx
1362,from_disposal1.xlsx
1363,from_disposal1.xlsx
1364,from_disposal1.xlsx